,RMSE,MAE,R²
Linear Regression,156812.1630526231,118510.763103274,0.6057092187111702
Decision Tree,112268.53238863123,68310.47674418605,0.7978967845802734
Random Forest,83687.27652737423,52960.93926605709,0.8877009708988096
