,RMSE,MAE,R²
Linear Regression,155028.5076549018,120431.98351689862,0.6413528715327657
Decision Tree,110797.92842217964,77101.28007274617,0.8168075773164315
Random Forest,83448.50064643404,58165.410801228514,0.8960842680455341
